{
    "name": "Global Information",
    "numberOfRequests": {
        "total": 1000,
        "ok": 1000,
        "ko": 0
    },
    "minResponseTime": {
        "total": 4,
        "ok": 4,
        "ko": -1
    },
    "maxResponseTime": {
        "total": 289,
        "ok": 289,
        "ko": -1
    },
    "meanResponseTime": {
        "total": 52,
        "ok": 52,
        "ko": -1
    },
    "standardDeviation": {
        "total": 62,
        "ok": 62,
        "ko": -1
    },
    "percentiles1": {
        "total": 25,
        "ok": 24,
        "ko": -1
    },
    "percentiles2": {
        "total": 49,
        "ok": 49,
        "ko": -1
    },
    "percentiles3": {
        "total": 198,
        "ok": 198,
        "ko": -1
    },
    "percentiles4": {
        "total": 244,
        "ok": 244,
        "ko": -1
    },
    "group1": {
        "name": "t < 300 ms",
        "count": 1000,
        "percentage": 100
    },
    "group2": {
        "name": "300 ms < t < 500 ms",
        "count": 0,
        "percentage": 0
    },
    "group3": {
        "name": "t > 500 ms",
        "count": 0,
        "percentage": 0
    },
    "group4": {
        "name": "failed",
        "count": 0,
        "percentage": 0
    },
    "meanNumberOfRequestsPerSecond": {
        "total": 444.0497335701599,
        "ok": 444.0497335701599,
        "ko": -1.0
    }
}